Z,U,W,X,M,J,I,J,O,I,L,N,Z,W,G,A
U,F,I,J,I,O,E,M,S,E,C,U,T,R,N,T
D,R,H,W,M,L,B,R,M,G,F,C,U,Q,K,R
M,H,S,R,V,F,Z,J,M,K,N,K,V,G,I,R
K,E,U,S,M,M,H,I,U,L,K,S,I,G,S,G
K,F,X,S,K,H,Z,Q,R,W,O,I,Q,G,B,M
B,B,F,Y,A,P,Q,E,D,X,Z,A,P,V,R,L
N,E,I,T,W,A,D,M,S,E,D,F,U,N,G,J
D,E,V,Y,A,I,G,D,B,L,F,I,S,B,C,J
X,P,M,U,P,P,L,I,Z,P,J,F,L,P,E,G
L,L,Q,A,A,J,P,E,A,E,I,H,A,D,X,D
C,N,G,P,O,R,T,B,W,D,Y,E,Q,Y,U,S
U,K,Y,Y,I,X,U,Q,U,O,A,W,I,D,N,J
K,B,V,K,S,H,F,F,G,J,B,L,P,H,E,P
M,P,H,I,L,S,X,M,T,S,M,M,N,I,B,L
I,D,Q,R,Q,V,S,P,E,X,M,N,Q,E,C,H
